year,lapse_01,lapse_02
1,0.400000,0.150000
2,0.350000,0.120000
3,0.300000,0.100000
4,0.250000,0.080000
5,0.200000,0.060000
6,0.150000,0.060000
7,0.100000,0.060000
8,0.050000,0.040000
9,0.020000,0.040000
10,0.020000,0.040000
11,0.020000,0.020000
12,0.020000,0.020000
13,0.020000,0.020000
14,0.020000,0.000000
15,0.000000,0.000000
16,0.000000,0.000000
17,0.000000,0.000000
18,0.000000,0.000000
19,0.000000,0.000000
20,0.000000,0.000000
