year,load_01,load_02
1,0.50000,1.25000
2,0.50000,1.25000
3,0.50000,1.25000
4,0.50000,1.25000
5,0.50000,1.25000
6,0.50000,1.25000
7,0.50000,1.25000
8,0.50000,1.25000
9,0.50000,1.25000
10,0.50000,1.25000
11,0.50000,1.25000
12,0.50000,1.25000
13,0.50000,1.25000
14,0.50000,1.25000
15,0.50000,1.25000
16,0.50000,1.25000
17,0.50000,1.25000
18,0.50000,1.25000
19,0.50000,1.25000
20,0.50000,1.25000
